titulo,idioma,sinopsis,reseña,género
Avatar,Español,Exploramos en Avatar la historia de una serie de eventos misteriosos que mantienen el suspense hasta el final. Ideal para los amantes del cine con un mensaje potente.,"Tras verla, diría que es un poco lenta, pero con actuaciones brillantes. La recomendaría.","Acción, Aventura, Fantasía, Ciencia Ficción"
Pirates of the Caribbean: At World's End,Inglés,Acompañamos a los personajes de Pirates of the Caribbean: At World's End en un conflicto inesperado que cambia el destino de todos. El cierre de la historia deja una huella imborrable en el espectador.,"Desde mi punto de vista, estamos ante impactante y llena de fuerza narrativa. La recomendaría.","Aventura, Fantasía, Acción"
Spectre,Español,Acompañamos a los personajes de Spectre en un descubrimiento asombroso que redefine lo que sabían hasta ahora. El desenlace resulta sorprendente y muy satisfactorio.,Una experiencia cinematográfica fascinante y muy bien estructurada. La recomendaría.,"Acción, Aventura, Crimen"
The Dark Knight Rises,Inglés,Acompañamos a los personajes de The Dark Knight Rises en un conflicto inesperado que cambia el destino de todos. Ideal para los amantes del cine con un mensaje potente.,Me pareció una película una joya oculta que merece más reconocimiento. La recomendaría.,"Acción, Crimen, Drama, Suspense"
John Carter,Español,Acompañamos a los personajes de John Carter en una lucha épica contra fuerzas que amenazan con destruirlo todo. Una experiencia visual que no deja a nadie indiferente.,Una experiencia cinematográfica impactante y llena de fuerza narrativa. La recomendaría.,"Acción, Aventura, Ciencia Ficción"
Spider-Man 3,Inglés,Todo comienza en Spider-Man 3 cuando una relación compleja marcada por el pasado y los secretos ocultos. Una experiencia visual que no deja a nadie indiferente.,"Tras verla, diría que es una decepción comparada con las expectativas. La recomendaría.","Fantasía, Acción, Aventura"
Tangled,Español,La trama de Tangled nos sumerge en una lucha épica contra fuerzas que amenazan con destruirlo todo. Una pieza fundamental para entender este género cinematográfico.,"Desde mi punto de vista, estamos ante fascinante y muy bien estructurada. La recomendaría.","Animación, Familia"
Avengers: Age of Ultron,Inglés,En la película Avengers: Age of Ultron descubrimos una lucha épica contra fuerzas que amenazan con destruirlo todo. Una experiencia visual que no deja a nadie indiferente.,"Tras verla, diría que es una obra maestra del cine actual. La recomendaría.","Acción, Aventura, Ciencia Ficción"
Harry Potter and the Half-Blood Prince,Español,El universo de Harry Potter and the Half-Blood Prince nos muestra un descubrimiento asombroso que redefine lo que sabían hasta ahora. El cierre de la historia deja una huella imborrable en el espectador.,"Una experiencia cinematográfica un poco lenta, pero con actuaciones brillantes. La recomendaría.","Aventura, Fantasía, Familia"
Batman v Superman: Dawn of Justice,Inglés,La narrativa de Batman v Superman: Dawn of Justice se centra en un viaje emocional que pone a prueba los límites de la realidad. Una pieza fundamental para entender este género cinematográfico.,"Considero que Batman v Superman: Dawn of Justice es visualmente increíble, aunque el guion flojea. La recomendaría.","Acción, Aventura, Fantasía"
Superman Returns,Español,Todo comienza en Superman Returns cuando una aventura vibrante cargada de acción y giros de guion constantes. Una pieza fundamental para entender este género cinematográfico.,Una experiencia cinematográfica una obra maestra del cine actual. La recomendaría.,"Aventura, Fantasía, Acción, Ciencia Ficción"
Quantum of Solace,Inglés,En la película Quantum of Solace descubrimos una relación compleja marcada por el pasado y los secretos ocultos. Una experiencia visual que no deja a nadie indiferente.,Considero que Quantum of Solace es entretenida aunque predecible en algunos puntos. La recomendaría.,"Aventura, Acción, Suspense, Crimen"
Pirates of the Caribbean: Dead Man's Chest,Español,"En la película Pirates of the Caribbean: Dead Man's Chest descubrimos un viaje emocional que pone a prueba los límites de la realidad. Sin duda, una propuesta arriesgada pero muy bien ejecutada.","Desde mi punto de vista, estamos ante una joya oculta que merece más reconocimiento. La recomendaría.","Aventura, Fantasía, Acción"
The Lone Ranger,Inglés,El universo de The Lone Ranger nos muestra una relación compleja marcada por el pasado y los secretos ocultos. Ideal para los amantes del cine con un mensaje potente.,"Personalmente, la definiría como una joya oculta que merece más reconocimiento. La recomendaría.","Acción, Aventura, Western"
Man of Steel,Español,En la película Man of Steel descubrimos una relación compleja marcada por el pasado y los secretos ocultos. Es una obra que invita a la reflexión profunda.,Considero que Man of Steel es una decepción comparada con las expectativas. La recomendaría.,"Acción, Aventura, Fantasía, Ciencia Ficción"
The Chronicles of Narnia: Prince Caspian,Inglés,"Bajo la dirección de su autor, The Chronicles of Narnia: Prince Caspian presenta un descubrimiento asombroso que redefine lo que sabían hasta ahora. Ideal para los amantes del cine con un mensaje potente.","Una experiencia cinematográfica visualmente increíble, aunque el guion flojea. La recomendaría.","Aventura, Familia, Fantasía"
The Avengers,Español,Todo comienza en The Avengers cuando una lucha épica contra fuerzas que amenazan con destruirlo todo. Una experiencia visual que no deja a nadie indiferente.,Me pareció una película una obra maestra del cine actual. La recomendaría.,"Ciencia Ficción, Acción, Aventura"
Pirates of the Caribbean: On Stranger Tides,Inglés,El universo de Pirates of the Caribbean: On Stranger Tides nos muestra una búsqueda incansable por la verdad en un mundo lleno de peligros. Es una obra que invita a la reflexión profunda.,"La crítica coincide en que es un poco lenta, pero con actuaciones brillantes. La recomendaría.","Aventura, Acción, Fantasía"
Men in Black 3,Español,Exploramos en Men in Black 3 la historia de una lucha épica contra fuerzas que amenazan con destruirlo todo. El cierre de la historia deja una huella imborrable en el espectador.,"Desde mi punto de vista, estamos ante una decepción comparada con las expectativas. La recomendaría.","Acción, Comedia, Ciencia Ficción"
The Hobbit: The Battle of the Five Armies,Inglés,Acompañamos a los personajes de The Hobbit: The Battle of the Five Armies en una relación compleja marcada por el pasado y los secretos ocultos. Es una obra que invita a la reflexión profunda.,"Tras verla, diría que es fascinante y muy bien estructurada. La recomendaría.","Acción, Aventura, Fantasía"
The Amazing Spider-Man,Español,Todo comienza en The Amazing Spider-Man cuando un viaje emocional que pone a prueba los límites de la realidad. Una pieza fundamental para entender este género cinematográfico.,"Tras verla, diría que es fascinante y muy bien estructurada. La recomendaría.","Acción, Aventura, Fantasía"
Robin Hood,Inglés,"Exploramos en Robin Hood la historia de una lucha épica contra fuerzas que amenazan con destruirlo todo. Sin duda, una propuesta arriesgada pero muy bien ejecutada.","Considero que Robin Hood es un poco lenta, pero con actuaciones brillantes. La recomendaría.","Acción, Aventura"
The Hobbit: The Desolation of Smaug,Español,La trama de The Hobbit: The Desolation of Smaug nos sumerge en una aventura vibrante cargada de acción y giros de guion constantes. El desenlace resulta sorprendente y muy satisfactorio.,Me pareció una película una joya oculta que merece más reconocimiento. La recomendaría.,"Aventura, Fantasía"
The Golden Compass,Inglés,En la película The Golden Compass descubrimos un descubrimiento asombroso que redefine lo que sabían hasta ahora. Ideal para los amantes del cine con un mensaje potente.,La crítica coincide en que es entretenida aunque predecible en algunos puntos. La recomendaría.,"Aventura, Fantasía"
King Kong,Español,Exploramos en King Kong la historia de un conflicto inesperado que cambia el destino de todos. Es una obra que invita a la reflexión profunda.,No cabe duda de que es impactante y llena de fuerza narrativa. La recomendaría.,"Aventura, Drama, Acción"
Titanic,Inglés,En la película Titanic descubrimos una serie de eventos misteriosos que mantienen el suspense hasta el final. El cierre de la historia deja una huella imborrable en el espectador.,"Una experiencia cinematográfica un poco lenta, pero con actuaciones brillantes. La recomendaría.","Drama, Romance, Suspense"
Captain America: Civil War,Español,La trama de Captain America: Civil War nos sumerge en una lucha épica contra fuerzas que amenazan con destruirlo todo. Destaca por su originalidad y su ritmo narrativo.,Me pareció una película una obra maestra del cine actual. La recomendaría.,"Aventura, Acción, Ciencia Ficción"
Battleship,Inglés,"La trama de Battleship nos sumerge en un conflicto inesperado que cambia el destino de todos. Sin duda, una propuesta arriesgada pero muy bien ejecutada.",No cabe duda de que es una decepción comparada con las expectativas. La recomendaría.,"Suspense, Acción, Aventura, Ciencia Ficción"
Jurassic World,Español,Exploramos en Jurassic World la historia de una búsqueda incansable por la verdad en un mundo lleno de peligros. Destaca por su originalidad y su ritmo narrativo.,"Una experiencia cinematográfica visualmente increíble, aunque el guion flojea. La recomendaría.","Acción, Aventura, Ciencia Ficción, Suspense"
Skyfall,Inglés,"Bajo la dirección de su autor, Skyfall presenta una relación compleja marcada por el pasado y los secretos ocultos. El cierre de la historia deja una huella imborrable en el espectador.","Tras verla, diría que es fascinante y muy bien estructurada. La recomendaría.","Acción, Aventura, Suspense"
Spider-Man 2,Español,Acompañamos a los personajes de Spider-Man 2 en un viaje emocional que pone a prueba los límites de la realidad. Es una obra que invita a la reflexión profunda.,Me pareció una película fascinante y muy bien estructurada. La recomendaría.,"Acción, Aventura, Fantasía"
Iron Man 3,Inglés,El universo de Iron Man 3 nos muestra una búsqueda incansable por la verdad en un mundo lleno de peligros. El cierre de la historia deja una huella imborrable en el espectador.,Me pareció una película una obra maestra del cine actual. La recomendaría.,"Acción, Aventura, Ciencia Ficción"
Alice in Wonderland,Español,El universo de Alice in Wonderland nos muestra una lucha épica contra fuerzas que amenazan con destruirlo todo. Una pieza fundamental para entender este género cinematográfico.,No cabe duda de que es una obra maestra del cine actual. La recomendaría.,"Familia, Fantasía, Aventura"
X-Men: The Last Stand,Inglés,El universo de X-Men: The Last Stand nos muestra un viaje emocional que pone a prueba los límites de la realidad. Es una obra que invita a la reflexión profunda.,"Me pareció una película visualmente increíble, aunque el guion flojea. La recomendaría.","Aventura, Acción, Ciencia Ficción, Suspense"
Monsters University,Español,En la película Monsters University descubrimos un conflicto inesperado que cambia el destino de todos. El desenlace resulta sorprendente y muy satisfactorio.,Una experiencia cinematográfica una joya oculta que merece más reconocimiento. La recomendaría.,"Animación, Familia"
Transformers: Revenge of the Fallen,Inglés,En la película Transformers: Revenge of the Fallen descubrimos una relación compleja marcada por el pasado y los secretos ocultos. Es una obra que invita a la reflexión profunda.,"Me pareció una película un poco lenta, pero con actuaciones brillantes. La recomendaría.","Ciencia Ficción, Acción, Aventura"
Transformers: Age of Extinction,Español,"Bajo la dirección de su autor, Transformers: Age of Extinction presenta un viaje emocional que pone a prueba los límites de la realidad. Es una obra que invita a la reflexión profunda.",La crítica coincide en que es impactante y llena de fuerza narrativa. La recomendaría.,"Ciencia Ficción, Acción, Aventura"
Oz: The Great and Powerful,Inglés,Todo comienza en Oz: The Great and Powerful cuando una serie de eventos misteriosos que mantienen el suspense hasta el final. El desenlace resulta sorprendente y muy satisfactorio.,Me pareció una película impactante y llena de fuerza narrativa. La recomendaría.,"Fantasía, Aventura, Familia"
The Amazing Spider-Man 2,Español,En la película The Amazing Spider-Man 2 descubrimos un descubrimiento asombroso que redefine lo que sabían hasta ahora. Es una obra que invita a la reflexión profunda.,No cabe duda de que es impactante y llena de fuerza narrativa. La recomendaría.,"Acción, Aventura, Fantasía"
TRON: Legacy,Inglés,El universo de TRON: Legacy nos muestra un viaje emocional que pone a prueba los límites de la realidad. El cierre de la historia deja una huella imborrable en el espectador.,"Tras verla, diría que es impactante y llena de fuerza narrativa. La recomendaría.","Aventura, Acción, Ciencia Ficción"
Cars 2,Español,Todo comienza en Cars 2 cuando un descubrimiento asombroso que redefine lo que sabían hasta ahora. Una experiencia visual que no deja a nadie indiferente.,"Personalmente, la definiría como entretenida aunque predecible en algunos puntos. La recomendaría.","Animación, Familia, Aventura, Comedia"
Green Lantern,Inglés,"En la película Green Lantern descubrimos un conflicto inesperado que cambia el destino de todos. Sin duda, una propuesta arriesgada pero muy bien ejecutada.","La crítica coincide en que es visualmente increíble, aunque el guion flojea. La recomendaría.","Aventura, Acción, Suspense, Ciencia Ficción"
Toy Story 3,Español,Acompañamos a los personajes de Toy Story 3 en un conflicto inesperado que cambia el destino de todos. Una experiencia visual que no deja a nadie indiferente.,"La crítica coincide en que es visualmente increíble, aunque el guion flojea. La recomendaría.","Animación, Familia, Comedia"
Terminator Salvation,Inglés,Exploramos en Terminator Salvation la historia de una serie de eventos misteriosos que mantienen el suspense hasta el final. Una pieza fundamental para entender este género cinematográfico.,"Tras verla, diría que es visualmente increíble, aunque el guion flojea. La recomendaría.","Acción, Ciencia Ficción, Suspense"
Furious 7,Español,La trama de Furious 7 nos sumerge en un viaje emocional que pone a prueba los límites de la realidad. Es una obra que invita a la reflexión profunda.,"Desde mi punto de vista, estamos ante una decepción comparada con las expectativas. La recomendaría.",Acción
World War Z,Inglés,En la película World War Z descubrimos un conflicto inesperado que cambia el destino de todos. Destaca por su originalidad y su ritmo narrativo.,"Desde mi punto de vista, estamos ante fascinante y muy bien estructurada. La recomendaría.","Acción, Drama, Terror, Ciencia Ficción, Suspense"
X-Men: Days of Future Past,Español,"Acompañamos a los personajes de X-Men: Days of Future Past en una aventura vibrante cargada de acción y giros de guion constantes. Sin duda, una propuesta arriesgada pero muy bien ejecutada.",Me pareció una película una decepción comparada con las expectativas. La recomendaría.,"Acción, Aventura, Fantasía, Ciencia Ficción"
Star Trek Into Darkness,Inglés,"Bajo la dirección de su autor, Star Trek Into Darkness presenta una relación compleja marcada por el pasado y los secretos ocultos. Ideal para los amantes del cine con un mensaje potente.",La crítica coincide en que es entretenida aunque predecible en algunos puntos. La recomendaría.,"Acción, Aventura, Ciencia Ficción"
Jack the Giant Slayer,Español,La narrativa de Jack the Giant Slayer se centra en un descubrimiento asombroso que redefine lo que sabían hasta ahora. Ideal para los amantes del cine con un mensaje potente.,Me pareció una película impactante y llena de fuerza narrativa. La recomendaría.,"Acción, Familia, Fantasía"
The Great Gatsby,Inglés,"Bajo la dirección de su autor, The Great Gatsby presenta una búsqueda incansable por la verdad en un mundo lleno de peligros. El desenlace resulta sorprendente y muy satisfactorio.","Desde mi punto de vista, estamos ante una joya oculta que merece más reconocimiento. La recomendaría.","Drama, Romance"
Prince of Persia: The Sands of Time,Español,El universo de Prince of Persia: The Sands of Time nos muestra un viaje emocional que pone a prueba los límites de la realidad. Destaca por su originalidad y su ritmo narrativo.,Me pareció una película una decepción comparada con las expectativas. La recomendaría.,"Aventura, Fantasía, Acción, Romance"
Pacific Rim,Inglés,Todo comienza en Pacific Rim cuando un viaje emocional que pone a prueba los límites de la realidad. Una pieza fundamental para entender este género cinematográfico.,Considero que Pacific Rim es entretenida aunque predecible en algunos puntos. La recomendaría.,"Acción, Ciencia Ficción, Aventura"
Transformers: Dark of the Moon,Español,En la película Transformers: Dark of the Moon descubrimos una aventura vibrante cargada de acción y giros de guion constantes. El cierre de la historia deja una huella imborrable en el espectador.,"Personalmente, la definiría como impactante y llena de fuerza narrativa. La recomendaría.","Acción, Ciencia Ficción, Aventura"
Indiana Jones and the Kingdom of the Crystal Skull,Inglés,Acompañamos a los personajes de Indiana Jones and the Kingdom of the Crystal Skull en un conflicto inesperado que cambia el destino de todos. Una pieza fundamental para entender este género cinematográfico.,"Desde mi punto de vista, estamos ante visualmente increíble, aunque el guion flojea. La recomendaría.","Aventura, Acción"
The Good Dinosaur,Español,"En la película The Good Dinosaur descubrimos una serie de eventos misteriosos que mantienen el suspense hasta el final. Sin duda, una propuesta arriesgada pero muy bien ejecutada.","Desde mi punto de vista, estamos ante visualmente increíble, aunque el guion flojea. La recomendaría.","Aventura, Animación, Familia"
Brave,Inglés,"Bajo la dirección de su autor, Brave presenta una aventura vibrante cargada de acción y giros de guion constantes. El desenlace resulta sorprendente y muy satisfactorio.","Una experiencia cinematográfica un poco lenta, pero con actuaciones brillantes. La recomendaría.","Animación, Aventura, Comedia, Familia, Acción, Fantasía"
Star Trek Beyond,Español,"Acompañamos a los personajes de Star Trek Beyond en una serie de eventos misteriosos que mantienen el suspense hasta el final. Sin duda, una propuesta arriesgada pero muy bien ejecutada.","Desde mi punto de vista, estamos ante visualmente increíble, aunque el guion flojea. La recomendaría.","Acción, Aventura, Ciencia Ficción"
WALL·E,Inglés,"Bajo la dirección de su autor, WALL·E presenta una serie de eventos misteriosos que mantienen el suspense hasta el final. Es una obra que invita a la reflexión profunda.","Tras verla, diría que es impactante y llena de fuerza narrativa. La recomendaría.","Animación, Familia"
Rush Hour 3,Español,Todo comienza en Rush Hour 3 cuando un viaje emocional que pone a prueba los límites de la realidad. El cierre de la historia deja una huella imborrable en el espectador.,No cabe duda de que es fascinante y muy bien estructurada. La recomendaría.,"Acción, Comedia, Crimen, Suspense"
2012,Inglés,La trama de 2012 nos sumerge en un descubrimiento asombroso que redefine lo que sabían hasta ahora. Ideal para los amantes del cine con un mensaje potente.,"Desde mi punto de vista, estamos ante impactante y llena de fuerza narrativa. La recomendaría.","Acción, Aventura, Ciencia Ficción"
A Christmas Carol,Español,La trama de A Christmas Carol nos sumerge en una lucha épica contra fuerzas que amenazan con destruirlo todo. El cierre de la historia deja una huella imborrable en el espectador.,"Personalmente, la definiría como un poco lenta, pero con actuaciones brillantes. La recomendaría.","Animación, Drama"
Jupiter Ascending,Inglés,"La trama de Jupiter Ascending nos sumerge en una aventura vibrante cargada de acción y giros de guion constantes. Sin duda, una propuesta arriesgada pero muy bien ejecutada.",Una experiencia cinematográfica impactante y llena de fuerza narrativa. La recomendaría.,"Ciencia Ficción, Fantasía, Acción, Aventura"
The Legend of Tarzan,Español,Exploramos en The Legend of Tarzan la historia de una búsqueda incansable por la verdad en un mundo lleno de peligros. Ideal para los amantes del cine con un mensaje potente.,"Desde mi punto de vista, estamos ante visualmente increíble, aunque el guion flojea. La recomendaría.","Acción, Aventura"
"The Chronicles of Narnia: The Lion, the Witch and the Wardrobe",Inglés,"En la película The Chronicles of Narnia: The Lion, the Witch and the Wardrobe descubrimos una aventura vibrante cargada de acción y giros de guion constantes. El cierre de la historia deja una huella imborrable en el espectador.","Una experiencia cinematográfica visualmente increíble, aunque el guion flojea. La recomendaría.","Aventura, Familia, Fantasía"
X-Men: Apocalypse,Español,La trama de X-Men: Apocalypse nos sumerge en una relación compleja marcada por el pasado y los secretos ocultos. El desenlace resulta sorprendente y muy satisfactorio.,Me pareció una película una obra maestra del cine actual. La recomendaría.,Ciencia Ficción
The Dark Knight,Inglés,En la película The Dark Knight descubrimos un viaje emocional que pone a prueba los límites de la realidad. Ideal para los amantes del cine con un mensaje potente.,Considero que The Dark Knight es impactante y llena de fuerza narrativa. La recomendaría.,"Drama, Acción, Crimen, Suspense"
Up,Español,El universo de Up nos muestra un conflicto inesperado que cambia el destino de todos. Es una obra que invita a la reflexión profunda.,No cabe duda de que es fascinante y muy bien estructurada. La recomendaría.,"Animación, Comedia, Familia, Aventura"
Monsters vs Aliens,Inglés,Todo comienza en Monsters vs Aliens cuando un conflicto inesperado que cambia el destino de todos. Una pieza fundamental para entender este género cinematográfico.,"Personalmente, la definiría como una decepción comparada con las expectativas. La recomendaría.","Animación, Familia, Aventura, Ciencia Ficción"
Iron Man,Español,La narrativa de Iron Man se centra en una aventura vibrante cargada de acción y giros de guion constantes. Una experiencia visual que no deja a nadie indiferente.,"Desde mi punto de vista, estamos ante impactante y llena de fuerza narrativa. La recomendaría.","Acción, Ciencia Ficción, Aventura"
Hugo,Inglés,"El universo de Hugo nos muestra una búsqueda incansable por la verdad en un mundo lleno de peligros. Sin duda, una propuesta arriesgada pero muy bien ejecutada.","Personalmente, la definiría como entretenida aunque predecible en algunos puntos. La recomendaría.","Aventura, Drama, Familia"
